x,Controls,lle736Thr
7,0.01957,0.06657
8,0,0.05167
