x,WT cTnT,cTnT R92Q
0,1.86201,1.825379
0.2,1.784708,1.760657
0.4,1.773742,1.730896
0.6,1.844827,1.787777
0.8,1.860571,1.817232
