x,Control,Arg719Trp
7,0.01327,0.03058
7.5,0.00492,0.02774
8,2.24584e-11,0.02768
