x,Control,Arg719Trp
6,0.69963,0.41896
7,0.01088,0.02902
