x,Control,Arg719Trp
4.5,1.001,1.00338
5,0.99922,0.93383
5.5,0.92731,0.75281
6,0.69816,0.41682
