x,Controls,lle736Thr
6,0.68909,0.687
7,0.01579,0.05894
