x,Controls,lle736Thr
4.5,0.99734,0.99702
5,0.9592,0.96565
5.5,0.88308,0.89812
6,0.68862,0.68538
