x,Controls,Arg723Gly
7,0.02374,0.01954
8,-5.05672e-16,-5.43402e-16
