x,Controls,Arg723Gly
4.5,1.00165,1.00165
5,0.99348,0.97661
5.5,0.93825,0.87033
6,0.66409,0.47932
