x,Controls,Arg723Gly
6,0.67605,0.48429
7,0.02156,0.01651
