x,Controls,lle736Thr
4.5,1,1
6,0.68862,0.68538
7,0.01579,0.05894
8,0,0.05167
