x,Control,Arg719Trp
4.5,1,1
6,0.69816,0.41682
7,0.01088,0.02902
8,0,0.02768
